code_bar,name,pvp
7795371459443,ULTRAFLEX LATA X 300 G,8682.12
7509552843620,DERMO EXPERT REV HIALU SERUM,7313
3337875543248,VICHY MINERAL 89 X 50,13750
3337875583626,HYALU B5 SERUM X30ML,19800
7795323002420,NUTRILON PROFU 1 LATA X800GR,7831
7795323773894,NUTRILON PROFU 1 POCH X1.2KG,10278
7795323002437,NUTRILON PROFU 2 LATA X800GR,7444
7795323002444,NUTRILON PROFU 3 LATA X800GR,6541
7795323773900,NUTRILON PROFU 3 POCH X1.2KG,8591
7891010882983,NEUTROGENA HYDRO BOOST W/GEL,4279.21
4005900140906,EUCERIN SOL 50 T/SECO GELX 50,7731.9
7792981010026,ENA CREATINA MONO ENV X 300G,12900
7792981062018,ENA WHEY PR TRUE CHOCO X1000G,10700
7792981062025,ENA WHEY PR TRUE COOKI X1000G,10700
7792981060021,ENA WHEY PR TRUE VAINI X1000G,10700
7793742003431,DERMAGLOS SOLAR F50 EMUL X250,4877.28
7795371459559,BLUE-VIT B12 CM MAST ANANAX20,2105
7795371459504,ULTRAFLEX MAGNESIO LATA X 420,9820.44
4580193651440,CITIZEN TEN DIGITAL AUT GDE,21780
4580193650870,CITIZEN TENSIOM DIG MUÑ CH617,15620
4580193651389,CITIZEN TERMOMETRO CLINIC DIG,1570
7798028884230,SILFAB ALMTE CERVICAL,12390
7798028884223,SILFAB ALMTE LARGE,12890
7798028882922,SILFAB BALANZA ELECT BC304,10690
7798028883073,SILFAB BALANZA ELECT BE211,8360
7798028881895,SILFAB BALANZA MECANICA BM100,6990
7798028882649,SILFAB MANTA 1 PZA POLI 3 TEM,16370
7798028880386,SILFAB NEBU A PISTON PIU VENT,21650
7798028882687,SILFAB NEBU A PISTON PIXEL,21650
7798028882168,SILFAB NEBU ULTRA SF POTENZA,28420
7798028883783,SILFAB OXIM PULSO DE DEDO,9260
4580193651440,CITIZEN TEN DIGITAL AUT GDE,25050
4580193650870,CITIZEN TENSIOM DIG MUÑ CH617,17970
4580193651389,CITIZEN TERMOMETRO CLINIC DIG,1810
7798028884230,SILFAB ALMTE CERVICAL,14250
7798028884223,SILFAB ALMTE LARGE,14820
7798028882922,SILFAB BALANZA ELECT BC304,12290
7798028883073,SILFAB BALANZA ELECT BE211,9620
7798028881895,SILFAB BALANZA MECANICA BM100,8040
7798028882649,SILFAB MANTA 1 PZA POLI 3 TEM,18820
7798028880386,SILFAB NEBU A PISTON PIU VENT,24900
7798028882687,SILFAB NEBU A PISTON PIXEL,24900
7798028882168,SILFAB NEBU ULTRA SF POTENZA,32690
7798028883783,SILFAB OXIM PULSO DE DEDO,9730
8411061636268,BLUE SEDUCTION EDTV X100,10475
8411061722756,GOLDEN SECRET EDT VAP X100,11715
8411061813973,KING OF SEDUCT ABS X100,11715
8411061971857,THE ICON MASCULINO EDT X100,13310
3349666007921,ONE MILLION EDT VAP X100,48420
3337875550628,ANTHELIOS 50 PED LECHE X250,11070
3337875545891,ANTHELIOS 50 T SECO COLOR X50,8390
3337875546430,ANTHELIOS 50 T SECO X 50,8390
3337872413018,CICAPLAST BAUME B5 X100,5625
3337875598071,EFFACLAR DUO + APF,12675
3337872411991,EFFACLAR GEL X400ML,14470
3337872413025,EFFACLAR MAT X 40ML,11870
3337875722827,EFFACLAR SERUM X 30ML,18855
3337875613668,HYALU B5 OJOS X15ML,15535
3337875660570,PURE VITAMIN C SERUM 30ML,24210
3337875578486,TOLERIANE SENSITIVE,8795
7795368547412,DIAR CAPS BLANDAS X 30,5700
7798051852220,VALCATIL MAX CAPS X120,16352
7798051851575,VALCATIL MAX CAPS X 30,5224
7795323003434,NUTRILON A.R.2 LATA X800G,26771
7795323772804,NUTRILON A.R. LATA X400G,14842
8712400801089,NUTRILON PEPTI JR HE LATX400G,33391
7795323774693,NUTRILON PROFU 1 BRIK24X200ML,11736
7795323774709,NUTRILON PROFU 2 BRIK24X200ML,11172
7795323774570,NUTRILON PROFU 2 BRIK X200ML,470
7795323774716,NUTRILON PROFU 3 BRIK24X200ML,10644
7795323774587,NUTRILON PROFU 3 BRIK X200ML,443.5
7795323002451,NUTRILON PROFU 4 LATA X800GR,6149
7795323773856,NUTRILON PROFU 4 POCH X1.2KG,8611
7795323773672,NUTRILON S/LACTOSA (NF)X350G,17241
7795323774839,VITAL 1 NF LATA X 800GR,5835
7795323774846,VITAL 2 NF LATA X 800GR,5548
7891000099551,NIDINA 1 ENV X 800G,4596.92
7891000099537,NIDINA 2 ENV X 800G,3665.1
7798176009752,SANCOR BEBE 1 NUT.COMP X800 G,6277.68
7798176000674,SANCOR BEBE 2 NC 30U PACX 200,11685.3
7798176009776,SANCOR BEBE 2 NUT.COMP X800 G,5692
7798176009875,SANCOR BEBE 3 NC 30U PACX 200,11056.8
7798176009790,SANCOR BEBE 3 NUT.COMP X800 G,5241.53
7790387015324,YERBA MAÑANITA X 500G,1150
38000845246,PRINGLES ORIGINAL X67G,1160
8429420190986,FOTO ISDIN 50 AGE REP 5 STARS,11900
8429420154186,FOTO ISDIN 50 FUSION WAT MED,9450
7896015520045,SENSODYNE DENT BLAN E/FREX 90,900
7791984999536,102 MUJER CAPS X 30,3573.8
7791984000485,102 PLUS COMP X 30,2922.95
7791984999994,CURFLEX COMP X 30,4764.52
7791984001055,CURFLEX PLUS COMP X 30,5152.81
7791984000010,MEGACISTIN COMP X 60,5584.45
7791984000720,MEGACISTIN MAX COMP X 30,5887.6
7791984000331,MEGACISTIN SH CAIDA CAB X 200,3722.58
7791984999925,METABOLIC CLA CAPS BLANDASX60,6268.95
7791984000881,VITENE CELLULI CAPS X 30,5823.53
74312042904,NATURES BOUNTY CAL-MAG-ZIX100,4533.38
74312168871,NATURES BOUNTY FISH 1200 X 60,6266.08
7798173570026,ECOHAIR SH ANTICAIDA X200ML,4437.14
3466320012838,CETAPHIL HUMECT CR X 453GR,7990
7798008190771,SATIAL CARB CONTROL COMP X 60,6945
7798008191044,SATIAL FOOD MONOCAPS X 12,3025
7798008190979,SERRAPEP CAPS GASTRORRES X 30,4850
3605532612836,LA VIE EST BELLE EDP X 75,58815
4005900324016,EUCERIN ELAST FILLER DIA X 50,16389.45
7319470066786,EUCERIN PIGMENT STOP BOOS30ML,20044.86
7798181640674,NUTRIBABY 2 LATA X 800 G,4862.7
7792981010071,ENA CREATINA MICR FRUI X 300G,12900
7792981058011,ENA GLUTAMINA PVO X 150G,4700
7792981062049,ENA WHEY PROTEIN BANAN X1000G,10335
7792981062032,ENA WHEY PR TRUE STRAW X1000G,10700
7792981060052,ENA WHEY X PRO VAINIL X1000G,13400
7790808035177,ASPEN NEB ROTAT BRCN116 PISTO,25362.67
7798127370924,CHER EDP DIECIOCHO X100,10290
7791600311131,PAULA ALEGRIA EDT VAP X100,7670
7791600045418,PAULA EDT VAP X100,7670
75486021689,HAWAIIAN TROP SHEER T F30X240,3260.56
4005808319695,NIVEA BODY NUT P/EXT SECAX400,1285
7790375245054,BAGOVIT A CLASS CR X 200 G,4046.25
7793742004391,AVENO EMULS X 400 ML,6681.96
7793742004384,AVENO JAB X 120 G,2232.36
7793742004360,AVENO SHAMP X 250 ML,4096.44
7793742007378,DERMAGLOS C HID INMEDIA X300,5236.92
7793742007774,DERMAGLOS C HID PROF CR X200,4755.24
7793742007569,DERMAGLOS C HID PROF EM X300,4388.04
7793742007675,DERMAGLOS C REGENE INT EMX300,5236.92
7793742007118,DERMAGLOS F SERUM AH X 30,5449.68
7793742003509,DERMAGLOS SOLAR F30 EMUL X250,4519.8
7793742032615,DERMAGLOS SOLAR F30 EMUL X380,4807.08
7793742003516,DERMAGLOS SOLAR F40 EMUL X250,4712.04
7793742043512,DERMAGLOS SOLAR F40 EMUL X380,5010.12
7793742003738,DERMAGLOS SOLAR F50 NI SPX170,5648.4
7793742004759,DERMAGLOS SOLAR F50 S/COLX 50,4784.4
7793742003264,DERMAGLOS SOLAR F65 CR X 90,4624.56
7793742003707,DERMAGLOS SOLAR F80 CR X 90,5294.16
73796801182,OMRON NEBULIZADOR COMP NEC801,26099.25
73796612320,OMRON TENSIOM MUÑECA 6123,20032.9
8710428010742,ENSURE ADVANCE CHOC PVO X400G,6352.81
8710428011473,ENSURE ADVANCE VAIN BOTX220ML,1386.38
8427030007403,ENSURE ADVANCE VAIN PVO X850G,12495.07
8710428017994,ENSURE PLUS FRUTILLA X220ML,1502
6922244700710,ENSURE VAINI PVO X1200G,14742.42
6922244700703,ENSURE VAINI PVO X 800G,10994.24
8710428013637,GLUCERNA TRIP CARE LATA X850G,13484.68
7795371459603,ULTRAFLEX HMB 3000 LATA X420G,9284
7798028884216,SILFAB ALMTE SMALL,11690
7798028883493,SILFAB BY527 SECADOR CURVE,8630
7798028883523,SILFAB BY612 PLANCHA HUM/SECO,10710
7798028882656,SILFAB MANTA 2 PZA POLI 3 TEM,29360
7798028881697,SILFAB NEBU A PISTON NEO VENT,25470
7798028884216,SILFAB ALMTE SMALL,13450
7798028883493,SILFAB BY527 SECADOR CURVE,9930
7798028883523,SILFAB BY612 PLANCHA HUM/SECO,12310
7798028882656,SILFAB MANTA 2 PZA POLI 3 TEM,33760
7798028881697,SILFAB NEBU A PISTON NEO VENT,29290
8411061737835,BLUE SEDUCTION EDTV X200,15552
8411061791691,GOLDEN SECRET EDT EDTX200,17280
8411061860410,HER SECRET TEMPT EDT X 80,10780
8411061999332,THE ICON RE22 EDP X100,14570
8411061860502,THE SECRET TEMPT EDT X100,11715
8411061723760,212 VIP MEN EDT NS X100,45580
8411061607152,CH EDT VAP X100,44110
8411061026342,CH GOOD GIRL X 80,60435
8411061665022,CH MEN EDT VAP X100,38635
3349668515660,PACO RABANNE INVICTUS X100,48420
3349668576111,XS BLACK F/MEN EDT VAP NCX100,40600
3337875764353,ANTHELIOS 50 AGE C/COLOR X50,11100
3337875761031,ANTHELIOS 50 AGE CORRECT X50,11100
3337872420153,ANTHELIOS 50 BRUME CPO X 200,10525
3337875797597,ANTHELIOS UVMINE FLUID 50+REN,9320
3337872412998,CICAPLAST BAUME B5 X 40,3040
3337872412516,EFFACLAR EAU MICELAR X400ML,12105
3337872411083,EFFACLAR GEL X200ML,9860
3337875729864,HYALU B5 AMPOLLAS X7 X1.8,11575
3337875583589,HYALU B5 SOIN X40ML,17575
3337875731638,HYDRAPHASE HA LIGERA X50ML,15915
7795368547375,DIARIS OMEGA CAPS X 30,2903.8
7798051851698,VALCATIL MAX CAPS X 60,9593
7798051851933,VALCATIL MAX CAPS X 90,13104
7795323000273,NUTRILON HA LATA X400G,11318
8718117601066,NUTRILON PEPTI SYNEO LATA X400G,33393
8712400801072,NUTRILON PREMATU 1 LATA X400G,13855
7795323774747,VITAL 2 NF BRIK X 24 X 200 ML,8676
7506205806506,ENFABEBE A.R. LATA X400G,16110.84
3600524057336,RETINOL SERUM OAP RVTL30HZ BR,8680
38000184963,PRINGLES ORIG X 124 G,2310
8470001699664,FOTO ISDIN 50 DRYTOUCH GCX50,8350
8470001631718,FOTO ISDIN 50 DRYTOU COLORX50,8350
8429420113374,ISDINCEUTICS K-OX EYES,16250
7794640172809,CENTRUM BASE COMP X 60,4675.79
7794640172823,CENTRUM HOMBRE COMP X 60,5611.85
7794640170386,PARODONTAX BLANQ CR DENT X116,1405
7896015591106,SENSODYNE DENT LIMP PROF X 90,855
7502236153343,DEKKIN AURIC TWS BLUETOOTH,10990
7791984000492,102 PLUS COMP X 60,5026.9
7790813130133,LEVADURA.VIRGEN CERV PVO X500,2329.85
7791984000713,MEGACISTIN MAX LOC X 120,3014.98
7791984001079,METABOLIC MAX CAPS X 60,6533.48
74312060113,NATURES BOUNTY L-LYSINE X 60,4007.34
74312017513,NATURES BOUNTY VITAMI E X120,7129.63
7798140250289,MULTI-O PLEASURE GEL X 20G,2992.55
7798173570101,ECOHAIR REP CAPI ACOND X200ML,4437.14
22548024324,TOMMY MEN COL VAP X100,43895
7798095410233,AVENE AGUA TERMAL X150,5518
7798095410240,AVENE AGUA TERMAL X300,9367
7799075000017,AVENE SOL 50 FLUIDO MATE X 50,6866
4005900436962,EUCERIN DERMOPUR FLUI MATX 50,9447.68
4005800180606,EUCERIN DERMOPUR GEL LIMPX400,11470.8
4005900324023,EUCERIN ELAST FILLER NOCHX 50,17219.51
4005900656063,EUCERIN HYAL FILER H/BOOSX 30,9694.52
4005800024023,EUCERIN HYAL FILER NOCHE X 50,17219.51
4005800037092,EUCERIN SH REV ANTICAIDA X250,5435.32
4005900264282,EUCERIN SOL 50 CC CREAM X 50,8772.5
4005900839626,EUCERIN SOL 50 GEL TS CLAX 50,7731.9
4005800241901,EUCERIN SOL 50 PIGMENT CTX 50,8772.5
7792981004506,ENA AMINO 4500 TABS X 150,7000
7792981005015,ENA BETA ATTACK TAB X 60,2400
7792981002199,ENA CARBO ENERGY X 540G,2800
7792981067006,ENA COLAGENO SPORT X 407G,8400
7792981003417,ENA HYDROXY MAX TABS X 120,3300
7792981000102,ENA PLANT PROTEIN X375G,5500
7796285277093,INFILTREX COMP X 30,4222.01
7891962058405,BAUDUCCO OBLEA FRESA X 78G,80
7790375004385,BAGOVIT A CUID COT.SEDA X350G,3983.03
7790375000042,BAGOVIT A EM AUTOBRONC X200G,4313.55
7790375001308,BAGOVIT A EMULS P/EXTRAX350G,4201.46
7790375268824,BAGOVIT A MANOS Y UÑAS CR X50,1859.02
7790375268886,BAGOVIT SOLAR F75 EMUL X180,4612.36
7793742005428,AVENO INF SH X 250 ML,4625.64
7793742007682,DERMAGLOS C REGENE INT CRX100,3875.04
7793742007613,DERMAGLOS F CONT OJOS CR X 15,4085.64
7793742007897,DERMAGLOS F HID F12 PN CRX 50,2224.8
7793742007972,DERMAGLOS PIEL DEL DIABETX300,6632.28
7793742003592,DERMAGLOS SOLAR F30 SPRAYX170,5477.76
7793742003806,DERMAGLOS SOLAR F40 EF/SEX180,4517.64
7793742004520,DERMAGLOS SOLAR F50 CLAROX 50,4784.4
7793742004568,DERMAGLOS SOLAR F50 MEDIOX 50,4784.4
7793742003790,DERMAGLOS SOLAR F50 NI EMX180,4542.48
7793742003967,DERMAGLOS SOLAR POST GEL X300,4984.2
7793742002984,HIPOGLOS CUID DIARIO CR X30G,1905.12
7793742002991,HIPOGLOS CUID DIARIO CR X90G,4218.48
8710428014085,ENSURE ADVANCE FRUT PVO X400G,6352.81
8427030007397,ENSURE ADVANCE VAIN PVO X400G,6352.81
8710428018014,ENSURE PLUS CHOCOLATE X220ML,1502
8710428018038,ENSURE PLUS VAINILLA X220ML,1502
6922244700697,ENSURE VAINI PVO X 400G,5781.35
8710428022141,GLUCERNA PVO VAIN LATA X400G,6741.25
7795371459245,FALIC GEL POM X50 G,1258.2
7798028884247,SILFAB ALMTE CINTURA DESMONTA,13880
7798028883400,SILFAB BALANZA ELECT BE212,10180
7798028883479,SILFAB BY503 SECADOR VIAJE,7590
7798028883899,SILFAB COLCHON ANTIESCARAS,19580
7798028883127,SILFAB FRAZADA TERMICA GRIS,35600
7798028883769,SILFAB NEBU ULTRA NUOVO N60,26950
7798028884131,SILFAB NEBU ULTRA NUOVO P N61,25660
7798028883530,SILFAB PLANCHA PELO ANGOSTA,12010
7798028884247,SILFAB ALMTE CINTURA DESMONTA,15960
7798028883400,SILFAB BALANZA ELECT BE212,11710
7798028883479,SILFAB BY503 SECADOR VIAJE,8730
7798028883899,SILFAB COLCHON ANTIESCARAS,22520
7798028883127,SILFAB FRAZADA TERMICA GRIS,40940
7798028883769,SILFAB NEBU ULTRA NUOVO N60,30990
7798028884131,SILFAB NEBU ULTRA NUOVO P N61,29500
7798028883530,SILFAB PLANCHA PELO ANGOSTA,13820
8411061636275,BLUE SEDUCTION EDTV X 50,8490
8411061982617,BLUE SEDUCTION WOM EDTV X 50,7405
8411061982105,BLUE SEDUCTION WOM EDTV X 80,10300
8411061727935,GOLDEN SECRET EDT VAP X 50,8490
8411061860441,HER SECRET TEMPT EDT X 50,7960
8411061829530,KING OF SEDUCT ABS X200,17280
8411061819623,KING OF SEDUCT ABS X 50,8490
8411061784273,KING OF SEDUCT EDTV X100,11715
8411061971918,POWER OF SED FORCE EDT X100,11715
8411061695951,SEDUCTION IN BLACK EDT X100,10475
8411061971925,THE ICON MASCULINO EDT X 50,9750
8411061701034,THE SECRET EDTV X 100,11715
8411061701034,THE SECRET FD21 (EDT100+DEO),11715
8411061865408,212 EDT VAP X100,54400
8411061972656,212 HEROES EDT X 90,45175
8411061994696,212 HEROES FOR HER EDP X 80,55670
8411061853207,212 MEN NYC X200,59250
8411061865439,212 SEXY EDP VAP X100,54400
8411061870518,212 VIP BLACK EDP NS X200,60700
8411061711804,212 VIP EDP VAP X 50,46750
8411061711767,212 VIP EDP VAP X 80,57395
8411061781197,212 VIP ROSE EDP VAP X 30,36000
8411061777183,212 VIP ROSE EDP VAP X 50,46750
8411061777176,212 VIP ROSE EDP VAP X 80,57395
8411061923245,CH BAD BOY EDT X 100,49535
8411061607176,CH EDT VAP X 30,28045
8411061607169,CH EDT VAP X 50,35895
8411061041673,CH GOOD GIRL EDP X 30,38430
8411061026250,CH GOOD GIRL EDP X 50,49180
3349668588732,INVICTUS VICTORY EDP X100,55670
3349668508587,LADY MILLION EDP VAP X 80,58205
3137370321545,NINA LUNA EDTV X 30ML,18400
3349668566372,ONE MILLION EDT VAP X200,69250
3349668601073,ONE MILLION ELIX 22 INTE X 50,49285
3349668562671,ONE MILLION LUCKY EDT X100ML,48420
3349668515653,PACO RABANNE INVICTUS X 50,41070
3349668568093,PACO RABANNE OLYMPEA EDPX 50,47760
3349668528677,PACO RABANNE OLYMPEA EDPX 80,58205
3349668582297,PACO RABANNE PHANTOM EDT X100,50350
3349668596348,PACO RABANNE PHANTOM EDT X150,64550
3349668545667,XS PURE EDP VAP FEM X 50,39140
3349668576173,XS PURE EDT VAP X100,41170
3433422404397,AGUA TERMAL LRP. AERO X 150ML,6775
3337875588560,ANTHELIOS 50 CREMA ULTRA X50,7720
3337875706681,ANTHELIOS 50 MINERAL ONE 03,7105
3337872412752,ANTHELIOS 50 PED LECHE X100,7735
3337875696838,ANTHELIOS 50 SPRAY NEW X200ML,11860
30089372,ANTHELIOS 50 STICK LABIOS,4015
3337875797641,ANTHELIOS UVMINE FLUID50+AP T,9320
3337875517300,CICAPLAST BAUME B5 FPS 50,6440
30106659,CICAPLAST LABIOS POMO X7.5ML,6920
3337872414145,CICAPLAST MANOS POMO X 50,9010
3337875518451,EFFACLAR DUO UNIFIANT LIGHT,12675
3337875708265,EFFACLAR GEL MICROEXFOLX200ML,10260
3337872412646,HYDRAPHASE INT OJOS X15ML,16215
3337872413735,LAROCHE PURE VITAMIN C OJ X15,21085
3337872418778,LIPIKAR GEL LAVANT X 200ML,5925
3337872418785,LIPIKAR GEL LAVANT X 400ML,8845
3337875685818,LIPIKAR LAIT UREA 5% X 400,19660
3337875552097,LIPIKAR LAIT X200 ML,8510
3337875528092,LRP AGUA MICELAR P/REACT X200,9330
3337875528108,LRP AGUA MICELAR P/REACT X400,13845
3337872414039,REDERMIC (R) OJOS X 15,22490
3337875694469,RETINOL B3 SERUM X 30ML,24210
3337872410338,TOILETTE PHYSIOL SOL MIC X200,9550
3337875757614,TOLERIANE DERMALLER CR X40ML,14680
3337875757669,TOLERIANE DERMALLER FLU X40ML,14680
3433422406599,TOLERIANE DERMO LIMP X200ML,13555
7795368002935,AUCIC CAPS X 30,2100
7795312108928,PHARMATON 50+OMEGA3 CAPS X 30,4630.23
7795323001027,NUTRILON A.R. LATA X800G,26824
7795323001973,NUTRILON PREMATU 2 LATA X400G,12468
7795323002413,NUTRILON PROFU 1 LATA X400GR,5088
7795323773818,NUTRILON PROFU 2 POCH X1.2KG,9744
7795323002505,NUTRILON PROFU 3 BRIK 1000ML,1842
7795323002512,NUTRILON PROFU 4 BRIK 1000ML,1751
7795323003359,NUTRILON S/LACTOSA LCP X800G,35507
8712400771313,NUTRILON SOYA LATA X400G,15711
7795323774730,VITAL 1 NF BRIK X 24 X 200ML,8988
7795323774754,VITAL 3 NF BRIK X 24 X 200ML,8244
7795323002796,VITAL 3 NF PACK X 6U X1000ML,8349
7891010253844,NEUTROGENA CR FAC HIDR M 3EN1,1363.66
7798176000759,SANCOR BEBE 1 ADV.LATA X 800G,7279.78
7798176009677,SANCOR BEBE 1 NUT.COMP X500ML,900.53
7798176009691,SANCOR BEBE 2 NUT.COMP X500ML,854.41
7798176009639,SANCOR BEBE 3 NUT.COMPX1000ML,1507.82
3348900417878,JADORE EDP VAP X100,60945
3348901362832,{MISS DIOR EDP NV VAP X100,96160
3348901368247,SAUVAGE EDP X100,60030
3348901428545,SAUVAGE EDP X200,89100
3348901250146,SAUVAGE EDT X100 REFILLABLE,41500
3348901321129,SAUVAGE EDT X200,72900
7791014001369,TULIPAN PRE X CLASSIC 16X 3,7525
7793306993512,KELLOGG'S FROOTLOOPS X175G,450
7896004006369,KELLOGG'S ZUCARITAS X 300G,690
38000185014,PRINGLES QUESO X 124G,2310
38000845260,PRINGLES QUESO X67G,1160
3430750528658,JEANNE BALCON MEDIT EDPX100,11500
8429420201361,FOTO ISDIN 30 FUSION WAT URB,10300
8429420142312,FOTO ISDIN 30 GEL CREMA X250,9700
8429420160613,FOTO ISDIN 50 AGE REP SPF COL,11900
8429420226272,FOTO ISDIN 50 FUS WAT BRONX50,9450
8429420226265,FOTO ISDIN 50 FUS WAT LIGHX50,9450
8429420192263,FOTO ISDIN 50 HYDROLOT +200ML,10800
8429420196377,FOTO ISDIN 50 PED FUSION WAT,9350
8429420188020,FOTO ISDIN 50 PED WET SPRX250,14800
8429420187917,FOTO ISDIN 50 WET SPRAY X250,14250
8470003233941,FOTO ISDIN AFT SUN INMED X200,9200
8470003854849,GERMISDIN ORIGINAL X500ML,5450
8429420175372,GLICOISDIN 15% CR X 50 ML,17950
8429420175327,GLICOISDIN 25% GEL X 50 ML,16750
8429420175341,GLICOISDIN 8% CR X 50 ML,17950
8470001812353,ISDINCEUTICS A.G.E REV DAYX50,33550
8429420172401,ISDINCEUTICS A.G.E REV NIGX50,33550
8470001864826,ISDINCEUTICS DAY&NIGHT 10+10,24450
8470001769145,ISDINCEUTICS FLAVO-C SERUM 30,24250
8429420164390,ISDINCEUTICS HYALUR AMP X 30,23450
8429420200678,ISDINCEUTICS HYALUR CONCEX 30,17150
8429420136472,ISDINCEUTICS NIGHT PEEL 10AM,12750
8429420203082,ISDINCEUTICS VITAL EYES X 15,25900
8429420128644,ISDIN SOL MICELAR X400,13200
7794640172793,CENTRUM BASE COMP X 30,2751.31
7794640172830,CENTRUM MUJER COMP X 30,3302.57
7794640172878,CENTRUM SILVER HOMBRE CM X60,6013.02
7794640172885,CENTRUM SILVER MUJER CM X60,6013.02
7794640173073,HINDS CR ROSA PLUS X250,955.67
7794640171772,PARODONTAX CEP,875
5054563054975,PARODONTAX DENT COMP PRO X126,1405
7896015527457,PARODONTAX DENT FLUOR X 90G,1280
7896009419294,SENSODYNE DENT MULTIPROT X 90,830
7896009419324,SENSODYNE DENT ORIGINAL X 90,790
7896015520526,SENSODYNE DENT PROESMALT X 90,1120
7794640662553,SENSODYNE DENT PROESM BLAX113,1230
7794640172472,SENSODYNE DENT R/AL BLANQX100,1385
7794640171550,SENSODYNE DENT RAP ALIVI X100,1185
7794640170133,SENSODYNE DENT REP/PROTE X100,1335
7794640170720,SENSODYNE DENT R/PR BLANQX100,1435
7791984000508,102 PLUS COMP X 90,7002.03
7791984000515,102 PLUS EFER SOB X 15,2072.2
7790813130140,LEVADURA.VIRGEN QUESO PVOX200,1309.7
7791984999949,NUTRIFARMA COLAGENO COMP X 30,2981.92
7791984000065,SNELLA VAG GEL X 60 G,1794.2
7798173570033,ECOHAIR SH ANTICASPA X200ML,2855.36
7798173570033,ECOHAIR SH ANTICASPA X200ML,2855.36
3499320004497,CETAPHIL DERMOC ESPUMAX 236ML,8790
3499320007986,CETAPHIL HIDRAT CR DIAX 88ML,9890
3423473020509,DOLCE &GABB L.B PH EDTX 75,38390
22548040119,TOMMY GIRL COLOGNE VAP X 50,33870
22548055373,TOMMY MEN COL VAP X 30,23535
7794428011870,SOLENIL 100 PLUS CR X 150,4513.24
3614272629387,IDOLE EDP X 75ML,58815
3605533286555,LA VIE EST BELLE EDP X100,62000
3605532612690,LA VIE EST BELLE EDP X 30,38435
3605532612768,LA VIE EST BELLE EDP X 50,49585
7798095410226,AVENE AGUA TERMAL X 50,4062
7799075001120,AVENE A-OXITIVE CR DIA X 30,15317
7798095417942,AVENE CLEANANCE LOC MICELX400,9447
7799075000369,AVENE DERMABSOLU C/OJOS X 15,15456
7799075000086,AVENE HYDRANCE INTE SERUM X30,12958
7798095415801,AVENE LOC MICELAR X200,7456
7798095418970,AVENE SOL 50 LECHE NIñOS X250,8124
7798095415337,AVENE SOL 50 SPRAY NIÑOS X200,9024
7798095415238,AVENE SOL 50 SPRAY X 200,8833
7798095415764,AVENE SOL POST REPARADOR X400,9011
7798122341417,VIASEK ESPUMA PH 3.5 AERX75ML,1650
7798122341646,VIASEK GEL VAG FCO X 100 ML,4340
7798122341578,VIASEK REPAIR GEL X 30ML,4240
4005900559500,EUCERIN ANT/PIG CR FAC 30X50,17219.51
4005800131189,EUCERIN AQUAPORIN PIEL NM X50,10754.48
4005900791047,EUCERIN BALSAMO CONTROL ATOP,12195.59
4005800109249,EUCERIN CR FAC A/ENRO DIAX 50,13082.52
4005900436979,EUCERIN DERMOPUR CR FAC NX 40,10588.71
4005900436986,EUCERIN DERMOPUR GEL LIMPX200,7817.81
4005900598684,EUCERIN HYAL FIL BOOS SERUMX8,10620.17
4005800014475,EUCERIN HYAL FILER DIA PMX 50,16389.45
4005800021930,EUCERIN HYAL FILER DIA PSX 50,16389.45
4005900667014,EUCERIN HYAL FILER MASC AC/HI,3778.83
4005800057670,EUCERIN HYAL FILER OJOS X 15,16086.95
7501054550211,EUCERIN HYAL FIL PORE SERX 30,17345.35
7702003006913,EUCERIN HYAL MIST SPRAY X150,5246.56
4005900000774,EUCERIN LOCION PH5 X400,9496.08
4005900000767,EUCERIN PH 5 ACEITE DUCHAX200,5101.36
4005800086380,EUCERIN PH 5 SYND BARR X100GR,3922.82
4005900559517,EUCERIN PIGMENT STOP NIGH50ML,17219.51
4005900903273,EUCERIN PIGMENT ULT/LI SERUM,17298.16
4005808551477,EUCERIN Q10 ACTIVE NOCHE X 50,13329.36
4005800036842,EUCERIN SH GEL ANTICASPA X250,5435.32
4005800120282,EUCERIN SOL 30 T/SECO GELX 50,7345.31
4005900265227,EUCERIN SOL 50 A/EDAD FLUX 50,8772.5
4005800266409,EUCERIN SOL 50 CORP TOQ SE200,7054.3
4005800065538,EUCERIN SOL 50 CR FACIAL X 50,7758.52
4005900839633,EUCERIN SOL 50 GEL TS MEDX 50,7731.9
4005800066627,EUCERIN SOL 50 KIDS SPR X200,9560.21
4005800065019,EUCERIN SOL 50 MATIFICAN X 50,7082.13
4005900169563,EUCERIN SOL 50 T/SECO SPRX200,9752.6
4005800164361,EUCERIN UREA 10% LOC REP X400,14876.95
4005900490452,EUCERIN VOL FILLER DIA PNX 50,16389.45
4005900490483,EUCERIN VOL FILLER NOCHE X 50,17219.51
7792981003516,ENA BCAA 2:1:1 X 90 CAPS,3250
7792981005046,ENA ENTRENAM POST RELOAD X220,4800
7792981063015,ENA WHEY PROTEIN CHOCO X 453G,6000
7792981063022,ENA WHEY PROTEIN COOKI X 453G,6000
7792981063008,ENA WHEY PROTEIN VAINI X 453G,6000
7796285289331,EVAGINA GEL POMO X 50 ML,1768.72
7796285290023,INFILTREX PVO P/RECONST.X300G,6033.36
7790808033883,ASPEN MANTA TERM CERV INTELLI,22540.85
8007403115807,BELLISSIMA.RG CEP TERMICO ALI,28199
7798127370900,CHER EDP DIECIOCHO X 50,8390
7798127370887,CHER EDP DIECISIETE X100,10290
7798336941236,CHER EDP VEINTE X100,10290
7791600572143,BROSS LONDON BLUE EDT X100,5200
7791600572037,BROSS LONDON CLASSIC EDT X100,5200
7791600065256,CARO CUORE EDT VAP X 60,5575
7791600266035,CIEL D'OR EDT VAP X 50,4030
7791600030230,CIEL EDP VAP X 80,3670
7791600028015,COLBERT.ACQUA EDT C/VAP X100,3820
7791600187040,COLBERT.CODE EDT VAP X100,5490
7791600841843,GINO BOGANI TOUT NOIR EDPX 60,6685
7791600037567,KEVIN EDC X170,2050
7791600134136,KEVIN ICE EDT C/VAP X100,4360
7791600400125,LAS PEPAS MITO EDP X100,8530
7791600400675,LAS PEPAS NINFA EDP X100,8530
7791600041922,PAULA AMOR EDT VAP X100,7670
7791600045340,PAULA EDT VAP X 60,6075
7791600039011,PRUNE ICON EDP VAP X 70,7490
7791600049027,PRUNE I EDP VAP X 50,5070
7791600049133,PRUNE II EDP VAP X 50,5070
7791600049249,PRUNE III EDP VAP X 50,5070
7791600049690,PRUNE IV EDP VAP X 50,5070
75486031565,HAWAIIAN TROP ACEI F15 BRX240,3773.09
75486033187,HAWAIIAN TROP LOC F10 ZANX240,3303.27
75486020286,HAWAIIAN TROP LOC F 4 BR X240,3063.32
75486088620,HAWAIIAN TROP SHEER T F50X120,2663.35
7791519000102,PRIME PRE BLAN ESPER X12,3875
7791519000096,PRIME PRE ROJO TEXT X12,3525
7792360072454,NUGATON LECHE PACK X 24 UN,300
7792175010276,PERPIEL FACIAL ANTIAGE EMX80,7070.25
4005900581341,NIVEA BODY NUT P/EXT SECAX625,1720
7891962054483,BAUDUCCO COOKIES ORIGX 100G,150
7790375268183,BAGO+ACTIVAMENTE COMP X 30,3735.11
7790375269302,BAGOVIT A BRONC PROG SPY X150,4443.25
7790375269708,BAGOVIT A CAP SH REP INX350,1397.84
7790375260941,BAGOVIT A CLASS CR X 100 G,2946.5
7790375004378,BAGOVIT A CUID COT.SEDA X200G,3197.2
7790375269319,BAGOVIT A EMUL ABSORC. X170ML,3267.24
7790375268954,BAGOVIT A EMUL EF LUMI X200ML,4034.11
7790375267803,BAGOVIT A EMUL REAFIRMA X350G,4078.18
7790375269289,BAGOVIT A EMULS SPR CONTX170,3320.74
7790375267285,BAGOVIT A EMULS X 350 G DOSF,4083.16
7790375245061,BAGOVIT A LIGHT CR X 100 G,2952.08
7790375268206,BAGOVIT FAC PRO BIO CC X50,5446.46
7790375268220,BAGOVIT FAC PRO BIO DIA X55,5445.34
7790375268459,BAGOVIT FAC PRO BIO MICELX200,2394.6
7790375269357,BAGOVIT FAC PRO BIO X50 ML,6107.67
7790375268695,BAGOVIT FAC PRO LFT DIA PSX55,7334
7790375268688,BAGOVIT FAC PRO LIFT NOCHEX55,7421.1
7790375268350,BAGOVIT FAC PRO LIFT SERUMX30,7470.67
7790375268398,BAGOVIT SOLAR AC BR F30SPX200,4556.12
7790375269449,BAGOVIT SOLAR F50 SPR TRAX200,4724.96
7793742004353,AVENO ACOND CAP X 250 ML,4096.44
7793742004377,AVENO EMULS X 250 ML,5814.72
7793742004346,AVENO GEL LIMP X 250 GR,4909.68
7793742005442,AVENO INF ACOND X 250 ML,4625.64
7793742007330,DERMAGLOS C HID INMED CR X175,3933.36
7793742007668,DERMAGLOS C HID INMED SPRX175,4046.76
7793742007767,DERMAGLOS C HID PROF CR X100,3161.16
7793742007927,DERMAGLOS C M Y U CR X120,3439.8
7793742007415,DERMAGLOS F AGUA MICELAR X200,2785.32
7793742007965,DERMAGLOS F BB CREAM MEDIX50G,5212.08
7793742005022,DERMAGLOS F DEMAQ OJ LOC X100,2955.96
7793742007903,DERMAGLOS F HID F12 PN EMX 75,5461.56
7793742007637,DERMAGLOS F HID PS CR X 70,5462.64
7793742005039,DERMAGLOS F LECHE LIMP X200,3093.12
7793742007620,DERMAGLOS F MAT PMG F30 CX 50,5462.64
7793742007576,DERMAGLOS F NUT PN CR X 70,5759.64
7793742005046,DERMAGLOS F TONICO HID X200,3095.28
7793742007422,DERMAGLOS F ULT CC CR MEDX 50,7225.2
7793742007507,DERMAGLOS F ULT CONT +30 X 15,6444.36
7793742007521,DERMAGLOS F ULT CONT +50 X 15,6444.36
7793742003493,DERMAGLOS SOLAR F20 EMUL X250,4408.56
7793742002670,DERMAGLOS SOLAR F30 BARRAX 14,3029.4
7793742003813,DERMAGLOS SOLAR F30 EF.SEX180,4244.4
7793742002687,DERMAGLOS SOLAR F30 LABIAX3.4,2106
7793742003448,DERMAGLOS SOLAR F30SP INVX180,5136.48
7793742004575,DERMAGLOS SOLAR F40 EMUL X120,2445.12
7793742003554,DERMAGLOS SOLAR F40 SPRAYX170,5582.52
7793742004513,DERMAGLOS SOLAR F50 EMUL X 50,1329.48
7793742004650,DERMAGLOS SOLAR F65 BEBE X120,3802.68
7793742003660,DERMAGLOS SOLAR F65 EMUL X 50,1853.28
7793742003974,DERMAGLOS SOLAR POST EMULX300,4581.36
7793742003233,DERMAGLOS SOLAR POST GEL X150,3366.36
73796803216,OMRON NEBULIZADOR COMP NEC803,27269
73796803216,OMRON NEBULIZADOR COMP NEC803,27269
6922244700727,ENSURE CHOCO PVO X 400G,5781.35
8710428010544,ENSURE CLINICAL VAIN FRX220ML,1763.58
70074117195,NEPRO AP ENV X 237 ML,1850.44
8886451005663,PEDIASURE VAINILLA LATA X400G,4626.25
7795371000423,FALIC EXCITACION GEL INT X22G,1210
7798028883486,SILFAB BY5205 SECADOR HEAT EX,11620
7798028883981,SILFAB MASC ARC FAC E100C1,4360
7798028883998,SILFAB MASC ARC OJOS E040C2,2360
7798028884506,SILFAB NEBU MESH VPM7 M/LIBR,34570
7798028880072,SILFAB ORINAL FEMENINO,810
7798028880065,SILFAB ORINAL MASCULINO,790
7798028883486,SILFAB BY5205 SECADOR HEAT EX,13360
7798028883981,SILFAB MASC ARC FAC E100C1,5020
7798028883998,SILFAB MASC ARC OJOS E040C2,2710
7798028884506,SILFAB NEBU MESH VPM7 M/LIBR,39760
7798028880072,SILFAB ORINAL FEMENINO,930
7798028880065,SILFAB ORINAL MASCULINO,910
8411061819685,KING OF SEDUCT EDTV X200,17280
8411061860564,THE SECRET TEMPT EDT X 50,8490
8411061906651,212 EDT VAP X 30,34100
8411061894026,212 EDT VAP X 60,44265
8411061896259,212 MEN EDT VAP X 50,38085
8411061865460,212 SEXY EDP VAP X 60,44265
8411061869406,212 VIP BLACK EDP NS X 50,38990
8411061869253,212 VIP MEN EDT NS X 50,38075
8411061838778,212 VIP ROSE EDP VAP X125,66150
8411061982068,CH BAD BOY EDT X 150,71845
8411061926093,CH BAD BOY EDT X 50,41375
8411061991886,CH BAD BOY LE PARFUM EDP X100,54505
8411061907610,CH GOOD GIRL LEGERE EDP X 30,33100
8411061995754,CH GOOD GIRL VERY EDP X 80,63480
8411061958483,CH GOOD GIRL X150,67850
8411061665039,CH MEN EDT VAP X 50,31800
3137370321521,NINA LUNA EDTV X 50ML,37255
3349666007891,ONE MILLION EDT VAP X 50,41535
3349668021345,PACO RABANNE HOM EDTV X100,38550
3349668524969,PACO RABANNE INVICTUS X150,52000
3349668589678,PACO RABANNE INVICTUS X200,52958.93
3349666010532,ULTRAVIOLET EDP VAP X 80,91840
3349666010518,ULTRAVIOLET MAN EDTV NV X100,76400
3349668555062,XS BLACK EXCES EDP VAP X 80,47710
3349668576128,XS BLACK F/MEN EDT VAP NCX 50,34935
3349668545698,XS PURE EDP VAP FEM X 30,30575
3349668545636,XS PURE EDP VAP FEM X 80,47710
3349668576166,XS PURE EDT VAP X 50,34935
3337875698696,ANTHELIOS 50 DERMOPED SPRX200,12260
3337875761123,ANTHELIOS 50+ TUBE NVO X250,11600
3337875586269,CICAPLAST GEL B5,11665
3337875757515,TOLERIANE DERMALLER EYE X20ML,11475
7795323774723,NUTRILON PROFU 4 BRIK24X200ML,10028.5
7795323002925,VITAL AR LATA (NF) X 400GR,13570
7798176000766,SANCOR BEBE 2 ADV.LATA X 800G,6919.6
3348900838185,DIOR HOMME INTENSE EDPV X100,59200
3348900012219,FAHRENHEIT EDT VAP X100,50295
3348900147324,FAHRENHEIT EDT VAP X200,72700
3348900012189,FAHRENHEIT EDT VAP X 50,39145
3348901362856,{MISS DIOR EDP NV VAP X 50,65280
3348901368254,SAUVAGE EDP X 60,46800
3348901250153,SAUVAGE EDT X 60,39700
38000184949,PRINGLES CREMA Y CEBOLL X124G,2310
8429420175310,GLICOISDIN 15% GEL X 50 ML,16750
8429420165472,ISDINCEUTICS INST FLAS AMP X5,9900
8429420157613,ISDINCEUTICS PIGM EXPERT 30AM,32300
8429420157651,ISDINCEUTICS PIGM+NIGHT 10+10,28650
7794640172854,CENTRUM SILVER COMP X30,3126.46
7896015527433,PARODONTAX DENT FLUOR X 50G,855
7896009419270,SENSODYNE DENT MULTIPROT X 50,489.72
7794640172410,SENSODYNE DENT PROESM JUNX100,910
7896015591786,SENSODYNE DENT SENS/ENCI X100,1335
3499320004541,CETAPHIL HIDRAT FAC 50X 50ML,9890
763511009817,DKNY BE DELICIUS WOM EDP X 50,39365
3423473020516,DOLCE &GABB L.B PH EDTX125,44500
22548024317,{TOMMY MEN EDT VAP X 50,33870
7794428011368,ALOEBEL CORP EMUL X 200 ML,3936.85
7794428012105,BIOQUERATIN COMP X 60,9016.2
3614273203487,IDOLE INTENSE EDP X 75ML,58000
7799075001144,AVENE A-OXITIVE CONT/OJOSX 15,13643
7798095413845,AVENE APAISANTE CONT OJO X 10,7818
7799075000345,AVENE DERMABSOLU BALS NOCX 40,19117
7799075000352,AVENE DERMABSOLU SERUM X 30,19117
7799075000833,AVENE HYDRANCE LEGERE UV X 40,12251
7798095410417,AVENE HYDRANCE RICHE X 40,11185
7798095419991,AVENE SOL 30 AQUA FLUI TSX 50,5885
7799075000048,AVENE SOL 50 CLEANANCE X 50,7615
7799075000819,AVENE SOL 50 FLUIDO SPORTX100,6776
7798095415290,AVENE SOL 50 LECHE X100,6014
4005800185090,EUCERIN AQUAPORIN C/OJ HIDX15,7736
4005900650412,EUCERIN HYAL FILER+ELAST X 15,16086.95
4005900714381,EUCERIN PH 5 CR X 75ML,7043.41
4005808122684,EUCERIN Q10 ACTIVE C/OJOSX 15,9364
4005808551460,EUCERIN Q10 ACTIVE DIA X 50,12679.59
4005800287855,EUCERIN UREA 10% REPAIR PX150,10009.12
4005800024481,EUCERIN UREA 5% LOC HID X250,9621.92
7795513227008,MARCHAND DAR EDP MGILLES X110,6550
7791600985011,AKIABARA BLACK NEROLI EDP 85,3990
7791600742256,COLBERT.SPACE EDT VAP X 60,3190
7791600070069,CRANDALL COL X 95,2580
7791600596354,KEVIN ABSOLUTE EDT VAP X100,7120
7791600512149,KEVIN METAL EDT C/VAP X100,7120
7791600186050,PALOMA HERRERA PASSION EDP100,8490
79656529296,BANANA BOAT KIDS SPORT CSX170,3730
7791001007831,BIFERDIL BALS NUTRI VITE X800,3068
7791001011579,BIFERDIL LOC BIOX FORTALEX100,5238
7791001000184,BIFERDIL MOUSSE ESPUMA AEX240,2627
7791001010442,BIFERDIL SH 1007 GEL X800,3351
7791001007824,BIFERDIL SH NUTRI VIT.E X800,3068
7791001005820,BIFERDIL SH ULTRA BRILLO X255,2804
7792175001151,PLAC OUT NF COLU X 500 CC,4866.12
7790375269722,BAGOVIT A CAP ACON COL RAX350,1397.84
7790375269739,BAGOVIT A CAP ACON NUTRI X350,1397.84
7790375269753,BAGOVIT A CAP ACON REP INX350,1397.84
7790375269661,BAGOVIT A CAP SH BR.SUBX350,1397.84
7790375269678,BAGOVIT A CAP SH COL RAX350,1397.84
7790375269685,BAGOVIT A CAP SH NUTRI X350,1397.84
7790375269692,BAGOVIT A CAP SH P.L X350,1397.84
7790375269296,BAGOVIT A EMULS E SP CONX170,2819.89
7790375269326,BAGOVIT A SERUM ANTIEST X75ML,3511.18
7790375269784,BAGOVIT CAP PL L Y S/FCRP 200,1467.83
7790375268213,BAGOVIT FAC PRO BIO NOCHE X50,5623.89
7790375268855,BAGOVIT FAC PRO ESTR DIA X 55,7333.01
7790375003449,BAGOVIT SOLAR ACEI 15/7SPX200,4303.07
7790375268831,BAGOVIT SOLAR F30 SP CONTX170,4584.24
7790375268473,BAGOVIT SOLAR F45 FAC COL X50,3757.4
7793742002922,DERMAGLOS F HID F20 PN EMX 70,5462.64
7793742007583,DERMAGLOS F LIMP PMG GEL X150,3094.2
7793742108518,DERMAGLOS F ULT HIDRAT.GEL 50,5520.96
7793742007996,DERMAGLOS PIEL DEL DIABETX100,4381.56
8710428011497,ENSURE ADVANCE FRUT BOTX220ML,1386.38
7501033961632,PEDIALYTE SOL X 500 ML UVA,1420.83
3614273069533,YVES SL LIBRE INT EDP X 30,41475
7798028883134,SILFAB FRAZADA TERMICA BEIGE,35600
4715139610100,SILFAB NEBU MINI MI/PERRITO,34390
7798028883134,SILFAB FRAZADA TERMICA BEIGE,40940
4715139610100,SILFAB NEBU MINI MI/PERRITO,39550
7791914001957,CORONET OXIMETRO DE PUL POD-2,6801.49
8433982020568,BENETTON COL MAN BLACK INT 60,8980
8433982016493,BENETTON TOG HER HER X 80,12970
8411061784280,KING OF SEDUCT EDTV X 50,8490
8411061999264,THE ICON RE22 EDP X 50,10520
8411061701041,THE SECRET EDTV X 50,8490
8411061974759,212 HEROES EDT X 50,37725
8411061996539,212 HEROES FOR HER EDP X 30,34900
8411061994702,212 HEROES FOR HER EDP X 50,45330
8411061023655,212 HEROES MAN EDT X150,62350
8411061341803,212 MEN EDT VAP X 30,30050
8411061558423,212 SEXY EDT VAP X 30,27700
8411061002865,CH BAD BOY LE PARFUM EDP 150,77950
3349668592388,INVICTUS VICTORY EDP X200,79600
3349668588749,INVICTUS VICTORY EDP X 50,47255
3349668600304,ONE MILLION ELIX 22 INTE X100,58140
3349668562701,ONE MILLION LUCKY EDT X 50ML,41070
3349668582365,PACO RABANNE PHANTOM EDT X 50,42690
3349668555123,XS BLACK EXCES EDP VAP X 30,30575
3349668555093,XS BLACK EXCES EDP VAP X 50,39140
3349668573820,XS PURE EDT X150,41750
3433422404533,LIPIKAR PAIN SURGRAS X150G,6565
3337872413711,REDERMIC HYALU C PS X 40ML,22490
3337875632652,RESPECTISSIME MASC DENS NE4.5,22070
726367920217,NATURAL CANDY ALM&SEM X100,800
726367920231,NATURAL CANDY GRA/GLUSTERS,800
729105210090,MIZU CR ARTRO FLEX RECOV X255,8650
729105210199,MIZU CR COLAG BEAU/NEUT PT250,7500
3348901181839,DIOR ADDICT EDP VAP X100,60100
3348901419147,DIOR HOMME EDT VAP NVO X100,50295
3348901544092,DIOR HOMME EDT VAP NVO X150,64400
3348901419130,DIOR HOMME EDT VAP NVO X 50,39145
3348901001120,DIOR HOMME INTENSE EDPV X150,75700
3348900838178,DIOR HOMME INTENSE EDPV X 50,41800
3274872400726,GIVENCHY IRRESISTIB EDP X 50,45125
3348900417892,JADORE EDP VAP X 30,36300
3348900417885,JADORE EDP VAP X 50,48575
3348901571432,MISS DIOR NEW EDP X 30,36810
7790387000290,TARAGUI TE BOLDO X 10 SOB,200
7790387000283,TARAGUI TE MANZANILLA X 10 SOB,200
8411114057187,PEPE JEANS FOR HER EDP X 80,27400
679602186124,POLICE GOODVIBES F HER EDP125,21280
679602181211,POLICE GOODVIBES F HIM EDT125,21280
8429420164406,ISDINCEUTICS HYALUR AMP X 5,7400
8470001769169,ISDINCEUTICS MELACLEAR X 15,21350
8470001880154,ISDIN SOL MICELAR X100,4000
7896015519223,SENSODYNE DENT BLAN E/FREX 50,660
7798034743118,BUCAL TAC CEP CLASSIC 3,960
7798034748564,BUCAL TAC CEP DENT ORTODONCIA,1215
7798158482474,BUCAL TAC CERA ORTODO S/SBX6,970
7502236152476,DEKKIN AURIC VINCHA OR.GA CEL,12990
7502236151899,DEKKIN AURIC VINCHA OR.GA R/V,12990
7798034749257,MINAMINT DES BUC FRESHM SPRAY,1120
7798034749240,MINAMINT DES BUC SPEARM SPRAY,1120
7790813130126,LEVADURA.VIRGEN CERV PVO X200,1082.97
7791984999918,METABOLIC CLA CAPS BLANDASX28,3714.17
3499320008341,CETAPHIL BARRA LIMP PROFX127G,3890
3499320004473,CETAPHIL DERMOC HD F30X 118ML,9890
7794428312458,ALOEBEL UREA 10% EMUL X 200G,5962.04
7794428300189,SOLENIL +60 FAC CR X50G,4450.87
7794428011863,SOLENIL 65 CR X 150,3985.29
3614273476164,IDOLE AURA EDP X100,58000
3614273069175,IDOLE EDP X 100 ML E.LIM,55660
3614272639638,IDOLE EDP X 25ML,33440
3614272629370,IDOLE EDP X 50ML,48900
3614273203470,IDOLE INTENSE EDP X 50ML,48900
3614273357197,LA VIE EST BELLE EA SO CX100,42999
7799075001632,AVENE CLEANAN SOLAR TENI50 NU,7479
7799075000208,AVENE CR TRIXERA PAN X100G,4207
7798095418383,AVENE PHYSIOLIFT CR X 30,16448
7798095419908,AVENE PHYSIOLIFT SERUM X 30,14741
7798095415306,AVENE SOL POST REPARADOR X200,7156
7798122341547,VIASEK GEL VAG SOBRE 2ML X 12,1680
4005800268731,EUCERIN AQUAPHOR REP LAB SOS,5679.74
7501054550037,EUCERIN AQUAPHOR REP SPR X150,10766.58
4005800223136,EUCERIN AQUAPHOR UN REPA X 50,8021.09
4005800128646,EUCERIN AQUAPORIN PIEL SECX50,10754.48
4005900838841,EUCERIN CR A/MANCHAS FP30X 75,8523.24
4005800079948,EUCERIN DA CONTROL CREMAX 40,6045.16
4005800270543,EUCERIN DERM CL DEMQ BIFX125,7637.52
4005800270475,EUCERIN DERM CL ESP MCEL X150,7452.39
4005808583805,EUCERIN DERM CL LIMP 3E1 X200,6790.52
4005800270468,EUCERIN DERM CL LOC 3E1 X400,9931.68
4005900728807,EUCERIN HF+ELASTI CRE D FPS30,18027.79
4005800126550,EUCERIN SOL 30 T/SECO SPRX200,8826.95
4005800264245,EUCERIN SPR CALM ATOPICONX 50,7094.23
4005800024139,EUCERIN UREA 10% INT REP X250,9621.92
4005900490490,EUCERIN VOL FILLER OJOS X 15,16086.95
7796285289348,EVAGINA ESPUMA X 240 ML,2458.78
7790808035160,ASPEN NEB ULTRA 405A MINI 12V,
7795513247891,MARCHAND DAR BOD LOC BER&ORQ,2780
7795513226728,MARCHAND DAR BOD LOC CAS&ALM,2780
7795513226711,MARCHAND DAR BOD LOC VER&LIM,2780
7795513247884,MARCHAND DAR CR MAN BERG&ORQU,1850
7798120265814,CAVIAHUE CR EXF HOMBRE X100G,3900
7798120265562,CAVIAHUE ESPU LIMP FAC X150ML,4300
7791600092535,CARO CUORE AMORE EDTV X 90,7030
7791600667368,CIEL CRYSTAL NESSESAIRE BOLSI,4150
7791600032029,CIEL D'ETE EDT VAP X 50,3290
7791600154035,CIEL NOIR EDT VAP X 50,4400
7791600154141,CIEL NOIR EDT VAP X 80,5030
7791600064235,CIEL NUIT EDP VAP X 80,3870
7791600582012,COLBERT.CODE BOLD EDT VAPX100,5490
7791600596248,KEVIN ABSOLUTE EDT VAP X 60,5880
7791600186166,PALOMA HERRERA PASSION EDP 60,6890
7791600311025,PAULA ALEGRIA EDT VAP X 60,6075
7791600843038,PAULA ALMA EDT VAP X 60,5870
7791600041830,PAULA AMOR EDT VAP X 60,6075
7791600059033,PAULA LUZ EDT VAP X 60,6075
614143222115,BIU EXPRESS CR HUMECTANT X 50,5350
614143222108,BIU EXPRESS CR REGENERAT X 50,3875
614143222092,BIU EXPRESS HYALURON GEL X 30,6300
7794207000798,MIDERMUS CELULIT CONT X 400ML,2607
7794207084101,MIDERMUS CR DE ORDEÑE X 70GR,908
7791001003697,BIFERDIL BALS ALOE VERA X400,2290
7791001003581,BIFERDIL BALS BIFERMIX X400,2503
7791001004465,BIFERDIL BALS CERAMIDAS X400,2793
7791001007817,BIFERDIL BALS ESPECI VIT X800,2876
7791001004182,BIFERDIL BALS HIDRAT INT X400,3114
7791001009163,BIFERDIL BALS LIB GLUTEN X180,2237
7791001008975,BIFERDIL BALS SELLADOR BIX400,2745
7791001002836,BIFERDIL COLOR MASC CAST OSCU,2128
7791001002751,BIFERDIL COLOR MASC RUBIO,2128
7791001008852,BIFERDIL CR PEI TR/ALISA X155,2995
7791001011791,BIFERDIL PROTEC TERMIC ATO250,2501
7791001007800,BIFERDIL SH 1053 SUP ESP X800,3086
7791001001563,BIFERDIL SH ANTIOXIDANTE X400,4899
7791001005349,BIFERDIL SH ANTIQUIEBRE X250,3152
7791001009859,BIFERDIL SH CAFEINA X295,2187
7791001004441,BIFERDIL SH CERAMIDAS X400,3317
7791001010794,BIFERDIL SH CERV Y MIEL X250,2072
7791001004175,BIFERDIL SH HIDRAT INT X400,3123
7791001004069,BIFERDIL SH MANZ VERDE X400,2190
7791001004304,BIFERDIL SH T/LIBR A/CLO X250,2075
7792175010481,PERPIEL AE EFECT REJ EMX400G,4552.04
7792175001090,PLAC OUT NF COLU X 200 CC,2384.01
7891962027388,BAUDUCCO PANETTONE FRUTAS X400G,900
7790375269715,BAGOVIT A CAP ACON BR SUBX350,1397.84
7790375269746,BAGOVIT A CAP ACON P.L X350,1397.84
7790375269760,BAGOVIT A CAP TRAT NUTRI X300,1467.83
7790375269777,BAGOVIT A CAP TRAT REP INX300,1467.83
7790375268787,BAGOVIT A CLASS CR X 50 G,2208.55
7790375267797,BAGOVIT A EMUL REAFIRMA X200G,2041.56
7790375001292,BAGOVIT A EMULS X 120 G,2523.69
7790375000134,BAGOVIT A EMULS X 200 G,3366.3
7790375269227,BAGOVIT A GEL CICATRIC.X 25ML,2858.73
7790375268794,BAGOVIT A LIGHT CR X 50 G,2333.51
7790375268862,BAGOVIT FAC PRO ESTR NOCHX 55,7420.77
7790375003456,BAGOVIT SOLAR F20 EM SPR X200,2375.53
7790375268411,{BAGOVIT SOLAR F30 FCARE EX200,3965.53
7790375268848,BAGOVIT SOLAR F40 SP CONTX170,5107.35
7798102150671,VALDEZ LILA/NARCISO EDT X100,7950
7798102150701,VALDEZ NARANJ/VAINI EDT X100,7950
7793742005534,AVENO PIEL NORM/SENS CR X 50G,6822.36
7793742004100,BUSHI CR CALENDULA POMO X100G,3169.8
7793742004018,BUSHI CR CALENDULA POMO X 50G,2257.2
7793742007316,DERMAGLOS C AUTOBRONC X 150GR,3350.16
7793742007361,DERMAGLOS C HID + PROT 20X150,4020.84
7793742007439,DERMAGLOS F AGUA MICELAR X400,3530.52
7793742007958,DERMAGLOS F BB CREAM CLARX50G,5212.08
7793742007644,DERMAGLOS F NUT PS CR X 50,5759.64
7793742108587,DERMAGLOS F ULT EST DIA CR50,8103.24
7793742008597,DERMAGLOS F ULT EST NOCH CR50,8447.76
7793742008542,DERMAGLOS F ULT FIR NOCH CR50,8447.76
7793742208508,DERMAGLOS F ULT HI CONT GEL15,4690.44
7793742008573,DERMAGLOS F ULT VOL NOCH CR50,8447.76
7798028884421,SILFAB PLANCHA PELO ANTIFRIZZ,9690
7798028884414,SILFAB PLANCHA PELO BIFUNCT,10090
7798028880768,SILFAB TEN ANEROIDE C/EST,6790
7798028884421,SILFAB PLANCHA PELO ANTIFRIZZ,11150
7798028884414,SILFAB PLANCHA PELO BIFUNCT,11600
7798028880768,SILFAB TEN ANEROIDE C/EST,7810
8411061991909,CH BAD BOY LE PARFUM EDP X 50,45530
3349668021543,{PACO RABANNE HOM EDTV X 50,24000
3349668573844,XS PURE NIGHT EDTV X100,43850
732535898714,NATURAL CANDY GRAN ALM/ARX100,800
729105210243,MIZU COLAGENO VEGAN BEAX357GR,8100
729105210083,MIZU CR IMMUNITY BA POTEX320G,5700
7793306993529,KELLOGG'S FROOTLOOPS X300G,690
8411114057194,PEPE JEANS FOR HIM EDT X100,27400
8436581945133,PEPE JEANS LDN F HER EDPX 80,29800
8436581945140,PEPE JEANS LDN F HIM EDPX100,29800
8429420226135,ISDINCEUTICS ESSEN CLEAN X200,18500
7798034744146,BUCAL TAC CEP CLASSIC 4,960
7798034740537,BUCAL TAC PERIO STICKS PALX30,1415
7791984000294,MERTHIOLATE FILM AER X30G,2750
7792981005039,ENA ENTRENAM PRE WAR X400,7500
7795513239957,LAIMA AGUA ROSAS AC.H/A.VERA,2375
7791600667030,CIEL (NEC EDT + DEO X123),6080
614143222146,BIU EXPRESS GEL LIMP ANT X200,2695
7793742208522,DERMAGLOS F ULT FIR CONT CR15,7567.56
7793742008566,DERMAGLOS F ULT VOL DIA CR50,8103.24
7798176000797,SANCOR BEBE 2 ADV.BRIK 200X30,14579.4
3348901182331,DIOR ADDICT EDP X 30,33990
3348900156128,{FAHRENHEIT EDT VAP X 30,
7798034748557,BUCAL TAC CEP DENT ADULTOS,1215
7502236153282,DEKKIN CARG/PARED+CAB MIC BL,4200
7798173570132,ECOHAIR CEJAS GEL X 5 ML,6593.18
7794428312489,ALOEBEL RETINOL ACEI SUAV X15,7803.25
3614273476287,IDOLE AURA EDPV X 50,24700
7792981003523,ENA OXIDO NITRICO ENV X 150G,4000
7795513239971,LAIMA AGUA LAVAND AC.H/MANZAN,2375
7791600060039,CHESTER.ICE EDT X100,2890
7791600295134,CIEL MAGIC EDP VAP X 80,5470
7791600134020,KEVIN ICE EDT C/VAP X 60,3600
7791600164133,KEVIN PARK EDT C/VAP X 60,3940
7791600173630,PAULA FLORES ADC VAP X170,4060
7792175009799,PERPIEL AI EMUL S/FRAG X400G,4022.6
7793742005541,AVENO PIEL SECA/SENS CR X 50G,7193.88
7798028884407,SILFAB SEC PELO MINI WHITE DU,8610
7798028884407,SILFAB SEC PELO MINI WHITE DU,9900
679602159128,POLICE BORN T/SHIN HER EDP125,21280
679602158114,POLICE BORN T/SHIN HIM EDT125,21280
3351500013814,AZZARO WANTED GIRL EDP X 80,45340
7794428300196,SOLENIL +30 FAC COLOR CR X50G,4241.42
7799075001137,AVENE A-OXITIVE CR NOCHE X 30,15317
7799075001892,KLORANE TRAT SH MANGO NATX100,2935
7798122341561,VIASEK TOALLITAS SOB X 16,1060
4005808583072,EUCERIN DERM CL LEC LIMP X200,7563.71
7795513247839,MARCHAND AR EDP HOMME,8400
7795513247075,MARCHAND DAR CR PIES BERG&ORQ,1850
7795513247327,MARCHAND DAR DUO CR JAZ/CANEL,5590
7795513247310,MARCHAND DAR DUO CR LAV/TOMIL,5590
7795513247341,MARCHAND LIBERTE CHERIE EDP,6940
7798120265777,CAVIAHUE ESPU LIMP HOM X150ML,5000
7791600015138,ALLIANCE EDT VAP X 50,4895
7791600295028,CIEL MAGIC EDP VAP X 50,4590
614143222528,BIU EXPRESS BRUMA TRIP/ACCION,6320
7792175010238,PERPIEL AG MICELAR X200ML,2296.59
7793742208539,DERMAGLOS F ULT FIR DIA CR50,8103.24
3337875632676,RESPECTISSIME MASC WATE NE7.6,22070
7795513247303,MARCHAND DAR DUO CR MAG/UVA,5590
7798028884391,SILFAB SEC PELO TURBO 360,15220
7798028884391,SILFAB SEC PELO TURBO 360,17510
7795371000980,ARTROSIL ROLL-ON X 90 G,1600.56
8500000000032,BLUE-VIT B12 ANANAX20 X3,
7795371001000,ESTETIC CLA CAPS BLANDAS X30,3718.44
8500000000004,ULTRAFLEX GLUCO SOB X2,
8500000000003,ULTRAFLEX HMB 3000 LATA X2,
8500000000007,ULTRAFLEX HMB 3000 LATA X3,
8500000000001,ULTRAFLEX LATA X 300 G X2,
8500000000005,ULTRAFLEX LATA X 300 G X3,
8500000000002,ULTRAFLEX MAGNESIO LATA X2,
8500000000006,ULTRAFLEX MAGNESIO LATA X3,
7798354463741,THELMA &LOUISE MASAJ.FAC GLOB,4680
4580193651433,CITIZEN TEN DIGITAL AUT ESTAN,20140
762860013476,SILFAB AEROCHAMBER CAM AMARIL,11120
762860013483,SILFAB AEROCHAMBER CAM AZUL,12030
762860013490,SILFAB AEROCHAMBER CAM C/BOQU,6230
762860013469,SILFAB AEROCHAMBER CAM NARANJ,11120
762860850897,SILFAB AEROCHAMBER CAM VIOLET,12030
7798028880867,SILFAB ALMTE 2 TEMP CERVI,13370
7798028880843,SILFAB ALMTE 2 TEMP LARGE,19350
7798028880836,SILFAB ALMTE 2 TEMP SMALL,6160
7798028880256,SILFAB ANDADOR D/ALM FIJ Y MO,20630
7798028883509,SILFAB BY550 SECADOR ION EXPE,14650
7798028883516,SILFAB BY578 SECADOR DUAL EXP,18330
7798028880096,SILFAB CHATA PLASTICA,1650
7798028884018,SILFAB GEL F/C INF MULT DINOS,1550
7798028884001,SILFAB GEL F/C INF MULTIUSO,1610
7798028883950,SILFAB GEL F/C MULTIPROPOS L,2010
7798028883943,SILFAB GEL F/C MULTIPROPOS S,1300
7798028883974,SILFAB GEL F/C RODILLA CODO,4280
7798028883967,SILFAB GEL F/C TOBILLO,3460
7798028880294,SILFAB NEBU A PISTON RESPIRAR,9500
7798028883837,SILFAB NEBU MESH VPM3,21138.28
7798028880911,SILFAB NEBU ULTRA SF 2010,11780
7798028884292,SILFAB ONDULAD PELO CURL EXPE,10050
7798028880324,SILFAB SILLA D/RUEDAS AN 46CM,77280
7798028880348,SILFAB SILLA D/RUEDAS CR 46CM,89960
6942820471476,SILFAB TERMOMETRO BLUETOOTH,15400
7798028884469,SILFAB VAPORIZADOR V12,12790
7798028880041,SILFAB VAPORIZADOR X 3 L,5900
4580193651433,CITIZEN TEN DIGITAL AUT ESTAN,23160
7798028880256,SILFAB ANDADOR D/ALM FIJ Y MO,23730
7798028883509,SILFAB BY550 SECADOR ION EXPE,16850
7798028883516,SILFAB BY578 SECADOR DUAL EXP,21080
7798028880096,SILFAB CHATA PLASTICA,1900
7798028884018,SILFAB GEL F/C INF MULT DINOS,1790
7798028884001,SILFAB GEL F/C INF MULTIUSO,1850
7798028883950,SILFAB GEL F/C MULTIPROPOS L,2320
7798028883943,SILFAB GEL F/C MULTIPROPOS S,1500
7798028883974,SILFAB GEL F/C RODILLA CODO,4920
7798028883967,SILFAB GEL F/C TOBILLO,3970
7798028884292,SILFAB ONDULAD PELO CURL EXPE,11560
7798028880324,SILFAB SILLA D/RUEDAS AN 46CM,88870
7798028880348,SILFAB SILLA D/RUEDAS CR 46CM,103450
7798028884469,SILFAB VAPORIZADOR V12,14710
7793487817157,VERTIENTE EST CORAZ F/ROJOS,4500
7793487817133,VERTIENTE EST CORAZ ROSEWATER,4500
7793487064933,VERTIENTE HOME SECRETOS X240,2182.96
7793487064919,VERTIENTE HOME SENSUAL X240,2182.96
8411061912935,THE SECRET TEMPT COL EDT X200,7955
7506309892801,VICK VITAPYRENA FTE X5G X 5,1560
8411061043868,212 MEN EDT VAP X100,45580
8411061043844,212 VIP BLACK EDP NS X100,46695
8411061001646,CH BAD BOY SUPERSTARS EDTX100,38480
8411061041659,CH GOOD GIRL VERY EDP X 30,40360
8411061043875,CH GOOD GIRL VERY EDP X 50,51665
8411061024485,{CH HOT MEN EDP X100,25300
3349668599080,INVICTUS RE 2022 EDP 50,45175
3349668599110,INVICTUS RE 2022 EDP X 100,53285
3349668581184,{LADY M EDP 80+BL+MIN MD,33950
3349668562732,LADY MILLION LUCKY EDP X 50ML,44615
3349668581153,{OLYMPEA EDP 80+BL100 MD20,48000
3349668599424,OLYMPEA SOLAR EDP 30,39145
3349668599448,OLYMPEA SOLAR EDP 50,50145
3349668599417,OLYMPEA SOLAR EDP 80,61095
3349668582839,{ONE MILLION EDT100 COFRE,78720
3349668566211,ONE MILLION LUCKY EDT X200ML,9200
3349668579839,ONE MILLION PARFUM X100,55670
3349668579822,ONE MILLION PARFUM X 50,47255
3349668591688,{PACO EDP 50+BL100+MG10 HD,16400
3349668582730,{PACO RABANNE INVIC MEN100EDT,78720
3349668543052,PACO RABANNE INVICTUS INT X50,24800
3349668613427,PACO RABANNE OLYMPEA EDPX 30,37265
3433422408616,ANTHELIOS 50 AREA SENSIBLESX9,7240
7790033283299,{ANTHELIOS 50 COMP 02 20% AG20,
3337872414381,ANTHELIOS 50 COMPACTO CR T02,10490
3337875550611,ANTHELIOS 50 LECHE X250,8930
7790033283329,ANTHELIOS 50 LEC X250 20%AG20,
3337875706667,ANTHELIOS 50 MINERAL ONE 01,7105
3337875706698,ANTHELIOS 50 MINERAL ONE 04,7105
3337872420207,EFFACLAR BB BLUR 02,16100
7899706149211,EFFACLAR CONCENTRA BARRA X 70,7035
3337875518598,EFFACLAR DUO UNIFIANT MEDIUM,12675
3337875518628,EFFACLAR EAU MICELAR X100ML,3535
3433422408357,EFFACLAR EAU MICELAR X200ML,8160
3337875708289,EFFACLAR GEL MICROEXFOLX400ML,14840
3337875683739,{HYALU B5 SERU X50ML ED.LIMIT,
3337875731409,HYDRAPHASE HA RICA X50ML,15915
3337875696579,LIPIKAR BAUME AP + M CRX200ML,11740
3337875696548,LIPIKAR BAUME AP + M CRX400ML,17635
3337875685832,LIPIKAR LAIT UREA 5% X 200,14800
3337875552127,LIPIKAR LAIT X400 ML,15060
3337875537308,LIPIKAR SYNDE AP+X200ML,7100
3337875725897,LRP AGUA MICELAR BIFASIC X400,11025
3337872414152,PIGMENCLAR YEUX X 15,23220
3337872413728,REDERMIC HYALU C UV X 40ML,23730
3337875660549,REDERMIC (R) X 30ML,22970
3337872410147,RESPECTISSIME DELIN NEGRO,13460
3337875632690,RESPECTISSIME MASC EXT NEG6.5,22070
3337875807043,ROSALIAC UV LEGERE X 40ML,14370
3337872411595,TOILETTE PHYSIOL SOL MIC X400,13845
30102422,{TOLERIANE BLUSH ROS CARAME03,17410
3337872410970,TOLERIANE PINCEAU CORR AMARIL,13785
3337872410949,TOLERIANE PINCEAU CORR BC N01,21925
3337872410956,TOLERIANE PINCEAU CORR BO N02,21925
3337872410963,TOLERIANE PINCEAU CORR VERDE,21925
3337875678667,TOLERIANE SENSITIVE LIGHT,5785
3337875678636,TOLERIANE SENSITIVE MEDIUM,5785
3337872412042,TOLERIANE TEINT MINERAL 11,19300
3337872412059,TOLERIANE TEINT MINERAL 13,19300
7798195030058,ARLYT CLEAN LENTE RPG X120ML,2350
7798195030034,ARLYT EXPRESS X120ML,1750
7798195030157,ARLYT EXPRESS X240ML,2250
7798195030041,ARLYT EXPRESS X360ML,2800
7798195031062,ARLYT EXPRESS X500ML,3350
7798195030065,ARLYT FRESH ENV X 15ML,1670
7798195031109,ARLYT KLINNER ENV X 35ML,850
7798195030072,ARLYT LUBRICANTE ENV X 15ML,1950
7798195030010,ARLYT PREMIUM X120ML,1950
7798195030164,ARLYT PREMIUM X240ML,2900
7798195030027,ARLYT PREMIUM X360ML,3450
7798195030218,ARLYT PREMIUM X 60ML,1250
7798195031031,ARLYT SOL SALINA ENV X500ML,2050
7795368547368,NEWCLAR GTS OFT X 10 ML,1595
7795323774495,NUTRILON 4 S/BANANA LATAX350G,2825
7795323774488,NUTRILON 4 S/VAIN LATAX350G,2825
7795323773924,NUTRILON REDUCI LACTOSA X400G,19608
7795323772798,NUTRILON S/LACTOSA LCP X400G,2889.5
7795323774853,VITAL 3 NF LATA X 800GR,4878
7795323774860,VITAL 4 NF LATA X 800GR,4584
7795323774464,VITAL FIBRA PLUS LATA X 775 G,4890
7613036277341,NIDO FORTIGROW DESLACTOS X800,1531.65
7613287764423,NIDO PREESCOLAR 4 LATA X800,2256.05
732535898721,NATURAL CANDY COCON/CHOC X100,800
732535898707,NATURAL CANDY COCON/GRANBERRIES X100,800
732535898691,NATURAL CANDY COCON/ORIG X100,800
732535898738,NATURAL CANDY GRANOLA,800
729105210212,MIZU CR ACTIVE HEALTH X300G,6800
729105210076,MIZU CR COLAG BEAUTY POTE 250,8100
729105209889,MIZU CR COLAG HIDRO POTEX250G,6550
729105210168,MIZU POWER RECOVERY PTEX300GR,3450
729105210182,MIZU SPORT FOCUS POTE X300GR,6230
729105210175,MIZU SPORT HYDRAT POTE X250GR,4650
7798176009851,{ENFABEBE 1 ESTU X 800G,3560
7798176000780,SANCOR BEBE 1 ADV.BRIK 200X30,15333.6
7798176001237,SANCOR BEBE 1 ADV.BRIK 500X12,13800.72
7798176000667,SANCOR BEBE 1 NC 12U PACX 500,10806.36
7798176000650,SANCOR BEBE 1 NC 30U PACX 200,12314.1
7798176001244,SANCOR BEBE 2 ADV.BRIK 500X12,13121.52
7798176000681,SANCOR BEBE 2 NC 12U PACX 500,10252.92
7798176001220,SANCOR BEBE 3 ADV.BRIK 200X30,13904.4
7798176009882,SANCOR BEBE 3 NUT.C BR1000X12,18093.84
7798197513238,{CARDON VICTORIA O EDP WM X50,1440
3348901182348,DIOR ADDICT EDP VAP X 50,47900
3348901487511,DIOR JOY INTENSE EDP X 50,47900
3274872388246,{GIVENCHY L`INTERDIT EDT X 80,39800
3274872389960,ORGANZA EDP VAP NUEVO X 50,39700
7790387004977,LA MERCED YERBA CAM/MON X500G,840
7790387120356,LA MERCED YERBA CAMPO X500G,840
7790387712056,TARAGUI TE HIERBAS X 10 SOB,200
7790387120370,TARAGUI TERMO X1U,860
7790387000306,TARAGUI TE TILO X 10 SOB,200
7790387013146,TARAGUI YERBA X500G,480
7896004006376,KELLOGG'S ZUCARITAS X 120G,230
38000185069,PRINGLES BARBACOA X139G,2310
8500000000013,PRINGLES BARBACOA X139G X3,
8500000000020,PRINGLES BARBACOA X139G X6,
38000184895,PRINGLES CREMA Y CEBOLL X 124G PACK,10400
38000845604,PRINGLES CREMA Y CEBOLL X 67G PACK,5180
8500000000014,PRINGLES CREMA Y CEBOLL X124G X3,
8500000000021,PRINGLES CREMA Y CEBOLL X124G X6,
38000845253,PRINGLES CREMA Y CEBOLL X67G,1160
8500000000017,PRINGLES CREMA Y CEBOLL X67G X3,
8500000000024,PRINGLES CREMA Y CEBOLL X67G X6,
8500000000018,PRINGLES ORIGINAL X67G X3,
8500000000025,PRINGLES ORIGINAL X67G X6,
38000845635,PRINGLES ORIGI X67G PACK,5180
38000184888,PRINGLES ORIG X 124 G PACK,10400
8500000000015,PRINGLES ORIG X 124 X3,
8500000000022,PRINGLES ORIG X 124 X6,
38000184901,PRINGLES QUESO X124G PACK,10400
8500000000016,PRINGLES QUESO X 124G X3,
8500000000023,PRINGLES QUESO X 124G X6,
38000845611,PRINGLES QUESO X67G PACK,5180
8500000000019,PRINGLES QUESO X67G X3,
8500000000026,PRINGLES QUESO X67G X6,
3430750528641,JEANNE TEA TIME MACAR EDPX100,11500
679602211222,PINO SILVESTRE EDT VAP X125,17000
8006060608554,JANEKE TOOTHBRUSH SP59ASS,2310
8470001654557,FOTO ISDIN 50 COMPACTO BRONCE,11150
8470001585066,FOTO ISDIN 50 FUS FL COLORX50,8600
8429420210547,FOTO ISDIN 50 FUS FLUID MINER,8400
8429420195950,FOTO ISDIN 50 FUSION W 5 STAR,9450
8429420161214,FOTO ISDIN 50 GEL CREMA X250,10550
8429420137974,FOTO ISDIN 50 PROTECT LABIAL,3400
8429420079717,FOTO ISDIN 99 SPOT PREVENTX50,11050
8429420215078,ISDINCEUTICS FLAVO-C FORT X1U,12050
8429420216068,ISDINCEUTICS FLAVO-C FORT X3U,30100
8429420138346,ISDINCEUTICS FLAVO-C MEL AQ10,14950
8470001864802,ISDINCEUTICS FLAVO-C MEL AQ30,29550
8429420199163,ISDINCEUTICS INST FLAS AMP X1,1800
8470001915528,ISDIN SI NAILS VARNISH X2.5ML,10750
7794640172816,CENTRUM HOMBRE COMP X 30,3302.57
7794640172847,CENTRUM MUJER COMP X 60,5611.85
7794640172861,CENTRUM SILVER COMP REC X60,5319.9
7794640173233,COREGA MAXIMA FIJ/FRESC X 40,1540
7794640173240,COREGA MAXIMA FIJ/FRESC X 70,2265
7794640173219,COREGA TAB PRO ORTODON X30TA,1420
7794640173189,HINDS CR BIO HIDRAT X250,1094.07
7794640170799,SENSODYNE DENT COMPL PROTX100,780
7794640171765,ULTRA COREGA CR MENTA X70G,1970
7794640171758,ULTRA COREGA CR S/SABOR X70G,1970
7804900000251,ULTRA COREGA MAX FIJ+SELLX40G,1725
7794640172731,ULTRA COREGA MAX SELL S/SX70G,2335
9999999999999,{SENSODYNE DENT ANTISARROX 60,
7798034740032,BUCAL BOX CLASS SURTIDO X 1,1010
7798158489589,BUCAL TAC HILO DENT C/C FINO,970
7798158489596,BUCAL TAC HILO DENT S/C FINO,970
7798158482788,BUCAL TAC SWEET CARE FRUTILLA,1100
7798158482795,BUCAL TAC SWEET CARE TUTTI-FR,1100
7502236151882,DEKKIN AURIC VINCHA OR.GA AZ,12990
7502236151875,DEKKIN AURIC VINCHA OR.GA R/G,12990
7503034665212,DEKKIN CABL TIPO C CARG/SINCR,2250
7503034665410,DEKKIN CABL TRENZ/MULTIPUNTA,3300
7502236154685,DEKKIN CARGADOR/AUTO X 1,2042.4
8500000000027,CURFLEX COMP X 30 X2,
8500000000031,CURFLEX COMP X 30 X3,
8500000000028,CURFLEX PLUS COMP X 30 X2,
8500000000030,CURFLEX PLUS COMP X 30 X3,
7790813130164,LEVADURA.VIRGEN MANZ PVO X200,1309.7
7791984001086,MEGACISTIN BLOCKER CAPS X 30,5998.04
7791984999956,OMEGA 3 NUTRIFARMA CAPS X 30,2824.31
7791984000959,VITENE ANTIAGE+40 CAPS X 30,4343.58
7791984000874,VITENE ANTIAGE COMP X 30,1917.5
74312512391,NATURES BOUNTY KRILL OIL X 30,4732.65
7798173570019,ECOHAIR LOC CRECIM X 125ML,7579.96
7798173570088,ECOHAIR PESTAÑAS GEL X 5 ML,6593.18
8500000000036,ECOHAIR SH ACAIDA + ACOND,
8500000000035,ECOHAIR SH ANTICAIDA X200 ML X3,
8500000000009,ECOHAIR SH ANTICAIDA + LOC CRECIMIENTO,
8500000000011,ECOHAIR SH ANTICAIDA X200ML X2,
8430351066011,CETAPHIL LOC LIMP X 237ML,6490
3331436740039,{DALI CRAZY KISS EDT VAP X100,6000
3331436710025,{DALI LITTLE KISS CHERRY X 50,6500
3331436700026,DALI LITTLE KISS EDTV X 50,6100
3331436730016,{DALI LOVELY KISS EDT VAP X 30,7200
3331438000032,DALI SUNRISE E/CAD EDTV X100,23830
8431754490618,{JDP HALLOWEEN FLEUR EDTV 30,8160
8431754346014,{JDP HALLOWEEN KISS EDTV 50,7000
8431754346021,{JDP HALLOWEEN KISS SE EDTV 50,7100
3331436404023,LAGUNA HOMME EDT VAP X 50,6225
7630042400419,SWISS ARMY STEEL M EDTV X100,27530
7794428010149,CISTIMAX GEL UNGUEAL X 5ML,3219.9
7794428010903,I.U 400 CAPS X 30,4451.7
7794428010910,I.U 400 CAPS X 60,7737.61
7794428000010,I.U 400 COMP X 30,4451.7
7794428000027,I.U 400 COMP X 60,7737.61
7794428000058,I.U 800 COMP X 30,7737.61
7799075001113,AVENE A-OXITIVE SERUM X 30,15595
7799075001380,AVENE CICALFATE + CREMA X 40,3528
7799075001656,AVENE CLEANANCE GEL X200,7368
7798095414729,AVENE CLEANANCE MASQUE X 40,8878
7798095417911,AVENE CLEANANCE PAN X100,5185
7798095419007,AVENE DEMAQUILLANTE 3 EN 1,8100
7799075000376,AVENE DERMABSOLU CR DIA X 40,19117
7799075000826,AVENE HYDRANCE AGUA GEL X 50,11777
7798095418413,AVENE PHYSIOLIFT CONT/OJ X 15,15878
7798095418390,AVENE PHYSIOLIFT CR NOC X 30,16476
7798095418987,AVENE SOL 50 CR ANTI AGE X 50,8087
7799075000062,AVENE SOL 50 CREMA COLOR X50,5985
7799075000024,AVENE SOL 50 FLUIDO MATE COL,6866
7798095418994,AVENE SOL 50 FLUIDO MIN X 40,5793
7798095415771,AVENE SOL 50 REFLEX SOLAR X30,4183
7798095415320,AVENE SOL 50 STICK SENSIBLEX8,4665
7798095415313,AVENE SOL AUTOBRONCEANTE X100,6793
7798095415214,AVENE SOL BCA COMPACTO DORE,8127
7799075001625,AVENE SOL B PROTC50+30 EPL NU,6316
7799075001786,AVENE TOLER LOC LIMPIAD X200,9339
3577056013850,ELGYDIUM CR A/PLACA X 75ML,2355
7798122341424,VIASEK ESPUMA PH 6.8 AERX75ML,1650
7798122341691,VIASEK MEN CUID.INT. FCOX75ML,2360
7798122341653,VIASEK TEENS ESPUMA FCO X250,3120
4005800131141,EUCERIN AQUAPORIN FPS25 X 50,7026
4005800180514,EUCERIN DERMOPUR A/MICE X200,6339.19
4005900436993,EUCERIN DERMOPUR EXFOL X100,9503.34
4005800193279,EUCERIN HYAL FIL+VOL LIF SECA,16389.45
4005800197604,EUCERIN PH 5 ACEITE DUCHAX400,7557.66
4005800178573,EUCERIN PH 5 CR INTENS X450ML,7580.65
4005800630958,EUCERIN PH 5 INTIM PROTX250ML,4565.33
4005800178368,EUCERIN PH 5 LOC X250ML,6780.84
4005900914453,EUCERIN PIGMENT CR TONO FPS30,18027.79
4005808581214,EUCERIN SOL 50 GEL ALERG X150,7054.3
4005800027468,EUCERIN SOL 50 KIDS LOC X150,5998
4005800037153,EUCERIN TRAT INT A/CAIDA X100,8068.28
4005800035784,EUCERIN UREA 5% CREMA X 75,6450.51
4005900490445,EUCERIN VOL FILLER DIA PSX 50,14925
4211125667924,BEURER FM38 MASAJ/PIES SHIATS,
4211125641092,BEURER HA50 AUDIFONO 100-6000,19755
7792981005084,ENA PRE WAR LEMONADE X 400G,7500
7792981001185,ENA PROTEIN BAR CHOCOL BX16UN,6880
7792981001208,ENA PROTEIN BAR COCO+DDLX16UN,6880
7792981001031,ENA PROTEIN BAR FRUT CR X16UN,6880
7792981001048,ENA PROTEIN BAR LEM PIE X16UN,6880
7796285273941,EVATEST CLASSIC TEST X 1,980
7796285286828,EVATEST EASY PLUS TEST X 1,1600
8500000000033,INFILTREX COMP X 30 X3,
7795513227299,MARCHAND DAR DIF BERG/ORQUID,4550
7795513227282,MARCHAND DAR DIF JAZM/SANDAL,4550
7795513227275,MARCHAND DAR DIF VERB/LIMON,4550
7795513227350,MARCHAND DAR EDP REVOLU X120,7170
7791600024123,CIEL CRISTAL EDT VAP X 80,5030
7791600619589,CIEL LOVE NESSESAIRE EDT60+DE,5400
7791600667474,CIEL MAGIC NESSESAIRE MAGIC,7080
7791600667252,CIEL NOIR (NEC EDT+DEO X123),6580
7791600521240,GINO BOGANI EDT VAP X 60,6685
7791600253325,KEVIN PLATINUM EDT VAP X 50,5670
7791600276133,PAULA LUNA EDT VAP X100,2485
7791600496135,PRUNE II EDP VAP X 90,5930
75486033286,HAWAIIAN TROP GEL COOL ICX240,3085.32
75486088637,HAWAIIAN TROP SHEER T F50X240,3416.12
7792175010207,PERPIEL AG MICELAR BIF X200ML,2435.77
7792175010320,PERPIEL AG+MONO+JABFAC COMBO,4700
7792175009683,PERPIEL EMUL X400ML,6416.16
7792175010467,PERPIEL FAC +EM CO HI+CEP MAS,4700
7792175010221,PERPIEL JAB LIMP FACIALX200ML,2417.65
7891962050713,BAUDUCCO COOKIES CHOCO X 40G,70
7891962050706,BAUDUCCO COOKIES ORIGX 40G,70
7891962037110,BAUDUCCO OBLEA CHOCO X 30G,40
7891962037134,BAUDUCCO OBLEA FRESA X 30G,40
7891962049915,BAUDUCCO OBLEA VAINI X 30G,40
7790375268916,BAGO+ACTIVAMENTE COMP X 15,1979.79
7790375269913,BAGO+CALMA COMP X 30,1733.75
7790375270216,BAGO+DESCANSO COMP X 20,1568.63
7790375268725,BAGO+ENERGIA COMP X 30,2956.02
7790375269340,BAGOVIT FAC PRO LI EF OJOSX15,6617.23
7790375268428,BAGOVIT SOLAR FC50 EMUL X200,4387.33
7790375268435,BAGOVIT SOLAR FC50 KIDS X200,4415.43
7793970141615,BABELITO 14161 TET SIL 1,1023
310119037805,BIOTRUE X 120 ML,2125
310119037812,BIOTRUE X 300 ML,3185
310119037799,BIOTRUE X 60 ML,1375
47144060477,BOSTON ADV CLEAN P/L GAS X 30,3010
47144050560,{BOSTON ADV COND SOL X120,3115
310119056738,BOSTON SIMP MULT ACC GAS X120,3415
310119303290,NATURA EXPRESS ENV X 120 ML,1945
310119303306,NATURA EXPRESS ENV X 355 ML,3115
310119303313,NATURA EXPRESS ENV X 500 ML,3745
310119303320,NATURA PLUS ENV X 120 ML,1945
310119303337,NATURA PLUS ENV X 355 ML,3115
310119033227,RENU FRESH SOL M/PROPX 120 ML,1945
310119033340,RENU FRESH SOL M/PROPX 355 ML,3115
310119033289,RENU FRESH SOL M/PROPX 500 ML,3745
310119034347,RENU FRESH SOL M/PROPX 60 ML,1215
310119052136,RENU PLUS GTS X 8ML,1855
7793742005466,AVENO INF GEL BAÑO X 250 GR,4428
7793742004506,BUSHI ESCUDOS FORMA PEZON X2,4438.8
7793742004308,BUSHI PEZONERA SILICONADA X2,3511.08
7793742007309,DERMAGLOS F ROJECES EMUL X 50,7517.88
7793742007545,DERMAGLOS F ULT DIA +30 X 50,6899.04
7793742007552,DERMAGLOS F ULT DIA +50 X 50,6899.04
7793742007705,DERMAGLOS F ULT NOCH +30 X 50,7190.64
7793742003486,DERMAGLOS SOLAR F15 EMUL X250,1975.45
7793742003752,DERMAGLOS SOLAR F50 BEBESX180,1529.43
7793742023439,DERMAGLOS SOLAR F50 EMUL X380,5192.64
7793742003776,DERMAGLOS SOLAR F50 SPRAYX170,5695.92
7793742004643,DERMAGLOS SOLAR POST GEL X 50,1453.68
7793742002014,HIPOGLOS CUID DIARIO PDA X30G,1463.4
73796712020,OMRON TENSIOM AUTOM HEM7120,25719.77
73796713003,OMRON TENSIOM AUTOM HEM7130,32966.32
614143473463,OMEGAN CAPS X 30,2423.68
8710428019516,ENSURE ADVANCE CAF BOTX220ML,1386.38
8427030008028,ENSURE ADVANCE FR-BA PVOX400G,6352.81
8710428013514,ENSURE CLINICAL RTH ENVX500ML,5351.73
8886451005656,PEDIASURE CHOCOLAT LATA X400G,4626.25